{"cameraMode":{"drawMode":0,"name":"Shaded","section":"Shading Mode"},"sceneLighting":false,"audioPlay":false,"sceneViewState":{"showFog":true,"showMaterialUpdate":false,"showSkybox":false,"showFlares":true,"showImageEffects":true,"showParticleSystems":true},"in2DMode":false,"pivot":{"x":227.77503967285157,"y":191.53692626953126,"z":-116.08736419677735},"rotation":{"x":0.19683241844177247,"y":-0.5141046643257141,"z":0.12256859242916107,"w":0.825820803642273},"size":19.131813049316408,"orthographic":false}