{"cameraMode":{"drawMode":0,"name":"Shaded","section":"Shading Mode"},"sceneLighting":true,"audioPlay":false,"sceneViewState":{"showFog":true,"showMaterialUpdate":false,"showSkybox":true,"showFlares":true,"showImageEffects":true,"showParticleSystems":true},"in2DMode":false,"pivot":{"x":174.05804443359376,"y":-508.74822998046877,"z":415.9686279296875},"rotation":{"x":-0.4124259054660797,"y":0.5095981955528259,"z":-0.3053473234176636,"w":-0.6907598972320557},"size":648.8885498046875,"orthographic":false}