{"cameraMode":{"drawMode":0,"name":"Shaded","section":"Shading Mode"},"sceneLighting":false,"audioPlay":false,"sceneViewState":{"showFog":true,"showMaterialUpdate":false,"showSkybox":false,"showFlares":true,"showImageEffects":true,"showParticleSystems":true},"in2DMode":false,"pivot":{"x":-2.5331974029541018e-7,"y":0.02397918701171875,"z":-0.027447789907455446},"rotation":{"x":-0.3883439004421234,"y":-0.15556980669498444,"z":0.0666833445429802,"w":-0.9058626890182495},"size":0.3647724390029907,"orthographic":false}