{"cameraMode":{"drawMode":0,"name":"Shaded","section":"Shading Mode"},"sceneLighting":false,"audioPlay":false,"sceneViewState":{"showFog":true,"showMaterialUpdate":false,"showSkybox":false,"showFlares":true,"showImageEffects":true,"showParticleSystems":true},"in2DMode":false,"pivot":{"x":0.42643213272094729,"y":0.36300647258758547,"z":-0.319795161485672},"rotation":{"x":-0.17841659486293794,"y":-0.6513164043426514,"z":0.1614491045475006,"w":-0.7196767926216126},"size":1.7893941402435303,"orthographic":false}