{"cameraMode":{"drawMode":0,"name":"Shaded","section":"Shading Mode"},"sceneLighting":false,"audioPlay":false,"sceneViewState":{"showFog":true,"showMaterialUpdate":false,"showSkybox":false,"showFlares":true,"showImageEffects":true,"showParticleSystems":true},"in2DMode":false,"pivot":{"x":-0.2768915891647339,"y":0.2945402264595032,"z":-0.018292546272277833},"rotation":{"x":-0.011308146640658379,"y":0.9857563972473145,"z":-0.07407455891370774,"w":-0.15084411203861237},"size":1.0662004947662354,"orthographic":false}