{"cameraMode":{"drawMode":0,"name":"Shaded","section":"Shading Mode"},"sceneLighting":true,"audioPlay":false,"sceneViewState":{"showFog":true,"showMaterialUpdate":false,"showSkybox":true,"showFlares":true,"showImageEffects":true,"showParticleSystems":true},"in2DMode":false,"pivot":{"x":481.0603942871094,"y":235.33355712890626,"z":277.86029052734377},"rotation":{"x":0.0038324077613651754,"y":0.18020199239253999,"z":-0.0007050657877698541,"w":0.9836283922195435},"size":8.075165748596192,"orthographic":false}