{"cameraMode":{"drawMode":0,"name":"Shaded","section":"Shading Mode"},"sceneLighting":false,"audioPlay":false,"sceneViewState":{"showFog":true,"showMaterialUpdate":false,"showSkybox":false,"showFlares":true,"showImageEffects":true,"showParticleSystems":true},"in2DMode":false,"pivot":{"x":0.19193601608276368,"y":1.4675688743591309,"z":-0.2793632745742798},"rotation":{"x":-0.30022919178009035,"y":-0.4056088924407959,"z":0.1430133730173111,"w":-0.8514320850372315},"size":1.5576138496398926,"orthographic":false}