{"cameraMode":{"drawMode":0,"name":"Shaded","section":"Shading Mode"},"sceneLighting":true,"audioPlay":false,"sceneViewState":{"showFog":true,"showMaterialUpdate":false,"showSkybox":true,"showFlares":true,"showImageEffects":true,"showParticleSystems":true},"in2DMode":false,"pivot":{"x":282.2939758300781,"y":421.05841064453127,"z":242.7837677001953},"rotation":{"x":0.42087915539741518,"y":0.4346679449081421,"z":-0.24107395112514497,"w":0.7588248252868652},"size":3.149672269821167,"orthographic":false}