{"cameraMode":{"drawMode":0,"name":"Shaded","section":"Shading Mode"},"sceneLighting":false,"audioPlay":false,"sceneViewState":{"showFog":true,"showMaterialUpdate":false,"showSkybox":false,"showFlares":true,"showImageEffects":true,"showParticleSystems":true},"in2DMode":false,"pivot":{"x":2.9802322387695315e-8,"y":0.5905447602272034,"z":-6.556510925292969e-7},"rotation":{"x":-0.39186152815818789,"y":-0.5478000640869141,"z":0.3228062391281128,"w":-0.6649825572967529},"size":0.9573878645896912,"orthographic":false}