{"cameraMode":{"drawMode":0,"name":"Shaded","section":"Shading Mode"},"sceneLighting":false,"audioPlay":false,"sceneViewState":{"showFog":true,"showMaterialUpdate":false,"showSkybox":false,"showFlares":true,"showImageEffects":true,"showParticleSystems":true},"in2DMode":false,"pivot":{"x":4.070486545562744,"y":1.8588001728057862,"z":7.3972320556640629},"rotation":{"x":-0.001650692312978208,"y":0.9926719069480896,"z":-0.01975451409816742,"w":-0.11995390057563782},"size":2.6488754749298097,"orthographic":false}