{"cameraMode":{"drawMode":0,"name":"Shaded","section":"Shading Mode"},"sceneLighting":true,"audioPlay":false,"sceneViewState":{"showFog":true,"showMaterialUpdate":false,"showSkybox":true,"showFlares":true,"showImageEffects":true,"showParticleSystems":true},"in2DMode":false,"pivot":{"x":484.03863525390627,"y":64.64007568359375,"z":425.4488830566406},"rotation":{"x":-0.3397567868232727,"y":-0.6555234789848328,"z":0.4257342517375946,"w":-0.5231203436851502},"size":565.0438842773438,"orthographic":false}