{"cameraMode":{"drawMode":0,"name":"Shaded","section":"Shading Mode"},"sceneLighting":true,"audioPlay":false,"sceneViewState":{"showFog":true,"showMaterialUpdate":false,"showSkybox":true,"showFlares":true,"showImageEffects":true,"showParticleSystems":true},"in2DMode":false,"pivot":{"x":285.3487243652344,"y":156.64292907714845,"z":342.80767822265627},"rotation":{"x":-0.5130785703659058,"y":0.013901366852223874,"z":-0.008993894793093205,"w":-0.8582797050476074},"size":270.8727111816406,"orthographic":false}