{"cameraMode":{"drawMode":0,"name":"Shaded","section":"Shading Mode"},"sceneLighting":false,"audioPlay":false,"sceneViewState":{"showFog":true,"showMaterialUpdate":false,"showSkybox":false,"showFlares":true,"showImageEffects":true,"showParticleSystems":true},"in2DMode":false,"pivot":{"x":0.000003814697265625,"y":0.5999994277954102,"z":0.0000032186508178710939},"rotation":{"x":-0.28216734528541567,"y":0.14551781117916108,"z":-0.04335892200469971,"w":-0.9472971558570862},"size":1.0027289390563965,"orthographic":false}