{"cameraMode":{"drawMode":0,"name":"Shaded","section":"Shading Mode"},"sceneLighting":false,"audioPlay":false,"sceneViewState":{"showFog":true,"showMaterialUpdate":false,"showSkybox":false,"showFlares":true,"showImageEffects":true,"showParticleSystems":true},"in2DMode":false,"pivot":{"x":0.16562014818191529,"y":0.04051147401332855,"z":-0.3097746968269348},"rotation":{"x":-0.39186152815818789,"y":-0.5478000640869141,"z":0.3228062391281128,"w":-0.6649825572967529},"size":0.7071861624717712,"orthographic":false}