{"cameraMode":{"drawMode":0,"name":"Shaded","section":"Shading Mode"},"sceneLighting":false,"audioPlay":false,"sceneViewState":{"showFog":true,"showMaterialUpdate":false,"showSkybox":false,"showFlares":true,"showImageEffects":true,"showParticleSystems":true},"in2DMode":false,"pivot":{"x":1560.0428466796875,"y":-1511.8896484375,"z":143.20469665527345},"rotation":{"x":0.17673173546791078,"y":0.8060849905014038,"z":-0.29367560148239138,"w":0.48263978958129885},"size":0.35016411542892458,"orthographic":false}