{"cameraMode":{"drawMode":0,"name":"Shaded","section":"Shading Mode"},"sceneLighting":true,"audioPlay":false,"sceneViewState":{"showFog":true,"showMaterialUpdate":false,"showSkybox":true,"showFlares":true,"showImageEffects":true,"showParticleSystems":true},"in2DMode":false,"pivot":{"x":1565.2071533203125,"y":-1511.3504638671875,"z":141.9985809326172},"rotation":{"x":0.07248852401971817,"y":0.8516955971717835,"z":-0.1207699254155159,"w":0.5049355030059815},"size":6.866026878356934,"orthographic":false}