{"cameraMode":{"drawMode":0,"name":"Shaded","section":"Shading Mode"},"sceneLighting":false,"audioPlay":false,"sceneViewState":{"showFog":true,"showMaterialUpdate":false,"showSkybox":false,"showFlares":true,"showImageEffects":true,"showParticleSystems":true},"in2DMode":false,"pivot":{"x":0.03472146391868591,"y":0.3677946925163269,"z":5.364418029785156e-7},"rotation":{"x":-0.39186152815818789,"y":-0.5478000640869141,"z":0.3228062391281128,"w":-0.6649825572967529},"size":0.48342379927635195,"orthographic":false}