{"cameraMode":{"drawMode":0,"name":"Shaded","section":"Shading Mode"},"sceneLighting":false,"audioPlay":false,"sceneViewState":{"showFog":true,"showMaterialUpdate":false,"showSkybox":false,"showFlares":true,"showImageEffects":true,"showParticleSystems":true},"in2DMode":false,"pivot":{"x":227.42361450195313,"y":205.5015869140625,"z":-105.73298645019531},"rotation":{"x":0.04003890976309776,"y":-0.4549604654312134,"z":0.020506685599684717,"w":0.8894040584564209},"size":19.99274444580078,"orthographic":false}