{"cameraMode":{"drawMode":0,"name":"Shaded","section":"Shading Mode"},"sceneLighting":true,"audioPlay":false,"sceneViewState":{"showFog":true,"showMaterialUpdate":false,"showSkybox":false,"showFlares":true,"showImageEffects":true,"showParticleSystems":true},"in2DMode":false,"pivot":{"x":1.196143388748169,"y":-2.254995346069336,"z":1.8152896165847779},"rotation":{"x":-0.40493759512901308,"y":-0.2605171501636505,"z":0.12152615934610367,"w":-0.8680070042610169},"size":2.661553144454956,"orthographic":false}