{"cameraMode":{"drawMode":0,"name":"Shaded","section":"Shading Mode"},"sceneLighting":false,"audioPlay":false,"sceneViewState":{"showFog":true,"showMaterialUpdate":false,"showSkybox":false,"showFlares":true,"showImageEffects":true,"showParticleSystems":true},"in2DMode":false,"pivot":{"x":0.04323256015777588,"y":0.59127277135849,"z":-0.04768538475036621},"rotation":{"x":-0.28216734528541567,"y":0.14551781117916108,"z":-0.04335892200469971,"w":-0.9472971558570862},"size":1.4469752311706544,"orthographic":false}