{"cameraMode":{"drawMode":0,"name":"Shaded","section":"Shading Mode"},"sceneLighting":false,"audioPlay":false,"sceneViewState":{"showFog":true,"showMaterialUpdate":false,"showSkybox":false,"showFlares":true,"showImageEffects":true,"showParticleSystems":true},"in2DMode":false,"pivot":{"x":0.06068801134824753,"y":0.3000001907348633,"z":2.086162567138672e-7},"rotation":{"x":-0.39186152815818789,"y":-0.5478000640869141,"z":0.3228062391281128,"w":-0.6649825572967529},"size":0.42858242988586428,"orthographic":false}