{"cameraMode":{"drawMode":0,"name":"Shaded","section":"Shading Mode"},"sceneLighting":true,"audioPlay":false,"sceneViewState":{"showFog":true,"showMaterialUpdate":false,"showSkybox":false,"showFlares":true,"showImageEffects":true,"showParticleSystems":true},"in2DMode":false,"pivot":{"x":1.6593194007873536,"y":1.3876475095748902,"z":0.48720788955688479},"rotation":{"x":-0.0819375067949295,"y":-0.5375643372535706,"z":0.05256187170743942,"w":-0.8376120924949646},"size":2.961552858352661,"orthographic":false}