{"cameraMode":{"drawMode":0,"name":"Shaded","section":"Shading Mode"},"sceneLighting":false,"audioPlay":false,"sceneViewState":{"showFog":true,"showMaterialUpdate":false,"showSkybox":false,"showFlares":true,"showImageEffects":true,"showParticleSystems":true},"in2DMode":false,"pivot":{"x":0.3217329978942871,"y":0.030065417289733888,"z":0.07502543926239014},"rotation":{"x":-0.2566182613372803,"y":-0.4199594557285309,"z":0.12508156895637513,"w":-0.8615000247955322},"size":1.4413506984710694,"orthographic":false}