{"cameraMode":{"drawMode":0,"name":"Shaded","section":"Shading Mode"},"sceneLighting":false,"audioPlay":false,"sceneViewState":{"showFog":true,"showMaterialUpdate":false,"showSkybox":false,"showFlares":true,"showImageEffects":true,"showParticleSystems":true},"in2DMode":false,"pivot":{"x":-0.0001135505735874176,"y":0.028886273503303529,"z":-0.19862788915634156},"rotation":{"x":-0.39186152815818789,"y":-0.5478000640869141,"z":0.3228062391281128,"w":-0.6649825572967529},"size":0.3260844051837921,"orthographic":false}