{"cameraMode":{"drawMode":0,"name":"Shaded","section":"Shading Mode"},"sceneLighting":false,"audioPlay":false,"sceneViewState":{"showFog":true,"showMaterialUpdate":false,"showSkybox":false,"showFlares":true,"showImageEffects":true,"showParticleSystems":true},"in2DMode":false,"pivot":{"x":-0.0013398528099060059,"y":0.17656585574150086,"z":1.1920928955078126e-7},"rotation":{"x":-0.28216734528541567,"y":0.14551781117916108,"z":-0.04335892200469971,"w":-0.9472971558570862},"size":1.0959758758544922,"orthographic":false}