{"cameraMode":{"drawMode":0,"name":"Shaded","section":"Shading Mode"},"sceneLighting":false,"audioPlay":false,"sceneViewState":{"showFog":true,"showMaterialUpdate":false,"showSkybox":false,"showFlares":true,"showImageEffects":true,"showParticleSystems":true},"in2DMode":false,"pivot":{"x":189.45680236816407,"y":209.1623992919922,"z":241.50784301757813},"rotation":{"x":-0.18679101765155793,"y":0.7541829943656921,"z":-0.24399593472480775,"w":-0.5804904103279114},"size":5.665492534637451,"orthographic":false}